model,group,wer (%),cer (%),latency (ms),avg cost ($)
whisper-small,slurp_news,22.2,12.9,115,0.0
whisper-small,slurp_ecommerce,26.6,13.7,68,
whisper-small,recorded_clean_news,0.0,0.0,82,
whisper-small,recorded_clean_ecommerce,11.9,6.8,81,
whisper-small,recorded_noisy_news,19.4,11.5,80,
whisper-small,recorded_noisy_ecommerce,24.0,14.0,81,
whisper-large,slurp_news,10.2,6.6,622,0.0
whisper-large,slurp_ecommerce,12.7,6.9,555,
whisper-large,recorded_clean_news,0.0,0.0,625,
whisper-large,recorded_clean_ecommerce,0.0,0.0,621,
whisper-large,recorded_noisy_news,11.4,6.4,627,
whisper-large,recorded_noisy_ecommerce,6.0,4.6,626,
parakeet,slurp_news,11.4,6.1,60,0.0
parakeet,slurp_ecommerce,18.8,9.0,36,
parakeet,recorded_clean_news,1.7,0.7,38,
parakeet,recorded_clean_ecommerce,7.1,3.2,41,
parakeet,recorded_noisy_news,16.8,10.2,40,
parakeet,recorded_noisy_ecommerce,20.4,12.9,41,
deepgram,slurp_news,14.1,8.5,1777,0.000196
deepgram,slurp_ecommerce,16.6,9.9,1413,
deepgram,recorded_clean_news,3.3,0.3,1979,
deepgram,recorded_clean_ecommerce,4.8,2.3,2010,
deepgram,recorded_noisy_news,13.5,9.0,2141,
deepgram,recorded_noisy_ecommerce,15.1,12.4,1916,
elevenlabs,slurp_news,10.8,6.3,1345,0.000167
elevenlabs,slurp_ecommerce,17.5,10.2,1716,
elevenlabs,recorded_clean_news,0.0,0.0,1398,
elevenlabs,recorded_clean_ecommerce,0.0,0.0,1350,
elevenlabs,recorded_noisy_news,7.8,5.3,1660,
elevenlabs,recorded_noisy_ecommerce,7.5,4.9,1599,
assemblyai,slurp_news,8.0,4.5,1180,0.000114
assemblyai,slurp_ecommerce,11.8,6.1,1080,
assemblyai,recorded_clean_news,5.0,0.7,1406,
assemblyai,recorded_clean_ecommerce,0.0,0.0,1370,
assemblyai,recorded_noisy_news,11.7,5.2,1579,
assemblyai,recorded_noisy_ecommerce,3.0,2.2,1421,
speechmatics,slurp_news,8.9,4.7,2176,0.000175
speechmatics,slurp_ecommerce,17.0,9.6,3371,
speechmatics,recorded_clean_news,6.7,1.0,2594,
speechmatics,recorded_clean_ecommerce,0.0,0.0,2349,
speechmatics,recorded_noisy_news,7.5,4.3,2660,
speechmatics,recorded_noisy_ecommerce,10.1,8.0,2977,
